,PC1,PC2,cluster,label,cluster_name
0,4.176609783292503,0.0033065890947756352,3,fruity,Fruity & Floral
1,4.421460849895385,0.11333533834782124,3,green,Fruity & Floral
2,4.699379279221685,0.21827780260683824,3,sweet,Fruity & Floral
3,4.67380723687171,-0.027196295046311575,3,floral,Fruity & Floral
4,4.254501248188827,-0.9687290866647339,3,woody,Fruity & Floral
5,4.881886867516815,-0.5697917829211778,3,herbal,Fruity & Floral
6,4.1267660641251664,1.4495928297914265,6,fatty,Fruity & Tropical
7,5.23954744570277,-0.10798071880726494,3,fresh,Fruity & Floral
8,4.897596096610075,0.7727849614953707,6,waxy,Fruity & Tropical
9,4.714109245556556,-1.031568272793252,3,spicy,Fruity & Floral
10,4.749583377537789,-0.4121408527437568,3,citrus,Fruity & Floral
11,4.2106770918047065,-0.8441071661464248,3,rose,Fruity & Floral
12,-1.3398523743920903,2.637453521346717,9,sulfurous,Roasted & Sulfurous
13,4.275160827346288,0.7512441669270813,6,earthy,Fruity & Tropical
14,1.032133563328346,1.8928653395471462,0,nutty,Nutty & Dairy
15,5.1860849964310205,1.194761579246305,6,tropical,Fruity & Tropical
16,-6.362239772742142,-0.7890850398501147,7,odorless,Odorless & Sulfurous
17,4.346136851608292,-1.6423837678015538,3,balsamic,Fruity & Floral
18,4.8551938150816065,1.1138856656306313,6,oily,Fruity & Tropical
19,3.143908859939052,-1.0633126086919327,8,minty,Minty & Floral
20,3.3290095730027196,2.4212291997960596,6,vegetable,Fruity & Tropical
21,3.9273732105965444,-1.304540445190633,3,powdery,Fruity & Floral
22,3.2925315266845954,1.6307466021746846,6,musty,Fruity & Tropical
23,-2.490791142899955,2.5901959713122866,9,meaty,Roasted & Sulfurous
24,2.8556531613609857,0.7803893704354824,6,creamy,Fruity & Tropical
25,3.8629052158553714,1.5511800808196459,6,pineapple,Fruity & Tropical
26,4.405818538599654,1.4301549402798166,6,apple,Fruity & Tropical
27,3.55901203722631,0.08160553726967285,3,aldehydic,Fruity & Floral
28,-3.494499183680006,2.39891964127706,9,roasted,Roasted & Sulfurous
29,3.6935179655005665,1.7133140827534044,6,ethereal,Fruity & Tropical
30,2.360876849839693,-1.098020226802736,8,phenolic,Minty & Floral
31,2.2215404703179686,0.8951389683712329,0,caramellic,Nutty & Dairy
32,3.113329614378236,-1.5102910468937567,8,dry,Minty & Floral
33,4.591830922787377,0.1786734397339114,3,berry,Fruity & Floral
34,4.386600332441233,1.582963038870135,6,metallic,Fruity & Tropical
35,3.7823732164525308,-0.8106264124190847,3,honey,Fruity & Floral
36,3.502106280928183,2.114888597259491,6,pungent,Fruity & Tropical
37,0.7520023443622423,-2.321799190848783,4,camphoreous,Camphoraceous & Medicinal
38,4.065514432528988,0.4912345849051531,3,leafy,Fruity & Floral
39,-3.202928593159251,2.1790865288223324,9,onion,Roasted & Sulfurous
40,2.316218883958176,-0.9144614624737233,8,animal,Minty & Floral
41,4.456104897653287,-0.4267305034645128,3,jasmin,Fruity & Floral
42,3.825713989399876,-0.7496793245958244,3,clean,Fruity & Floral
43,4.017344947156045,1.2968228509267146,6,winey,Fruity & Tropical
44,4.20026453025773,1.62477869678404,6,pear,Fruity & Tropical
45,-6.36550787918004,-0.7986306125210267,7,bland,Odorless & Sulfurous
46,0.8399757206654899,-1.6961078420038427,4,musk,Camphoraceous & Medicinal
47,2.241834102586829,0.4740743390250361,0,coconut,Nutty & Dairy
48,4.267950393327971,1.2116894475586657,6,melon,Fruity & Tropical
49,0.8122660364493065,-2.301503600063504,4,amber,Camphoraceous & Medicinal
50,2.7599613100520743,2.3276408338363894,6,cheesy,Fruity & Tropical
51,3.909537323648353,1.4264290728841207,6,banana,Fruity & Tropical
52,2.825167245807614,1.786430953952908,6,mushroom,Fruity & Tropical
53,-2.266229125808742,2.4638912740865737,9,coffee,Roasted & Sulfurous
54,1.824264488668376,-1.392989940218649,8,cooling,Minty & Floral
55,2.013104392964604,1.5503872610366913,0,buttery,Nutty & Dairy
56,-4.186145047891832,2.0328546135873546,1,garlic,Savory & Meaty
57,1.149555629551997,-2.3837200468073156,4,pine,Camphoraceous & Medicinal
58,1.1749753020933544,-1.1683507900832835,4,vanilla,Camphoraceous & Medicinal
59,-3.522095324136224,2.3459028400223283,9,alliaceous,Roasted & Sulfurous
60,-0.9652700409899223,-0.2787287947241537,5,mild,Burnt & Earthy
61,3.74647151261514,1.2795139280044523,6,peach,Fruity & Tropical
62,5.099760793186839,-0.35015825939144285,3,natural,Fruity & Floral
63,1.4964172191550995,1.7357113242593263,0,dairy,Nutty & Dairy
64,-0.6767068516899067,1.696841172293244,5,burnt,Burnt & Earthy
65,3.1574742114709915,-1.6343981611223484,8,tobacco,Minty & Floral
66,3.59292904509676,0.08728118640690881,3,cherry,Fruity & Floral
67,1.223470539258468,1.2403915319082381,0,cocoa,Nutty & Dairy
68,3.6154243165952202,-1.6770592243770146,3,warm,Fruity & Floral
69,3.8432490958290266,0.8980927540349273,6,apricot,Fruity & Tropical
70,3.7441460507390283,0.06238584535174142,3,orange,Fruity & Floral
71,3.545109180948732,0.44591115714162227,3,cortex,Fruity & Floral
72,4.181134080781058,-0.9793889582082217,3,violet,Fruity & Floral
73,3.4359084325813827,1.1600530818359898,6,rummy,Fruity & Tropical
74,-2.166119467607761,2.6356136421056187,9,savory,Roasted & Sulfurous
75,1.5082509358154506,0.8664266120871968,0,milky,Nutty & Dairy
76,3.7268577687487467,-0.27415645730465826,3,hyacinth,Fruity & Floral
77,3.432867989880208,-0.4836662711530342,3,geranium,Fruity & Floral
78,0.0909403707765973,-2.0200021058503745,4,medicinal,Camphoraceous & Medicinal
79,2.666670417435789,-1.8466902584203067,8,orris,Minty & Floral
80,1.7705503458542398,-1.1771048395891466,8,muguet,Minty & Floral
81,2.8616713533834797,-0.64280357472305,8,grapefruit,Minty & Floral
82,3.9556134825089457,1.5880128996612464,6,sharp,Fruity & Tropical
83,4.502438764776313,0.7285078094294926,6,grape,Fruity & Tropical
84,3.4615064817052303,1.7421090449040477,6,fermented,Fruity & Tropical
85,3.315209255339191,0.34655567805591686,3,soapy,Fruity & Floral
86,0.80079774215826,0.6994550205311791,0,chocolate,Nutty & Dairy
87,2.040294872891254,1.3761605791553837,0,cucumber,Nutty & Dairy
88,1.0131644910755562,1.1744349357579793,0,brown,Nutty & Dairy
89,4.031003574496633,1.1929653966530356,6,grassy,Fruity & Tropical
90,1.4661315719981356,-2.1471170133460222,4,terpenic,Camphoraceous & Medicinal
91,1.7788685488696065,0.6145792230766297,0,lactonic,Nutty & Dairy
92,4.037056109667934,0.251773774421675,3,plum,Fruity & Floral
93,-3.2901905924754096,2.4569362555913203,9,cooked,Roasted & Sulfurous
94,3.4189065068326188,1.5560193936525628,6,estery,Fruity & Tropical
95,3.3100303101210886,1.559596031057907,6,cognac,Fruity & Tropical
96,0.9202409990559092,-1.7801272997375113,4,cinnamon,Camphoraceous & Medicinal
97,4.73688804035696,0.5653310941894328,3,weedy,Fruity & Floral
98,3.4581787015455343,1.4376283580409066,6,ripe,Fruity & Tropical
99,2.417130881739591,-1.1994341687661487,8,lily,Minty & Floral
100,3.074453510431645,-1.458035076872881,8,lavender,Minty & Floral
101,1.49846110278251,-1.0732646366939922,8,leathery,Minty & Floral
102,2.001220502181567,-1.3779937049545623,8,lemon,Minty & Floral
103,-0.4972411455536856,-2.7290570311088427,4,cedar,Camphoraceous & Medicinal
104,-1.0408218533831077,-0.9737858648829517,2,smoky,Smoky & Woody
105,0.10649789539288791,-0.7825038738104886,4,coumarinic,Camphoraceous & Medicinal
106,3.9986054288384913,-1.2246365346882822,3,hay,Fruity & Floral
107,2.930911116345351,-0.7185474127549946,8,celery,Minty & Floral
108,0.5264420475243436,1.194280213422636,0,bready,Nutty & Dairy
109,-0.4627490410665276,1.8959147283483953,5,fishy,Burnt & Earthy
110,4.068289952985295,-0.16031201996271957,3,raspberry,Fruity & Floral
111,-0.6229865441108492,-1.7545802235491679,4,mentholic,Camphoraceous & Medicinal
112,2.1614089989456224,0.32478918302843035,0,almond,Nutty & Dairy
113,1.9672119211526584,-0.9133471085106352,8,ozone,Minty & Floral
114,1.9020421585055833,1.4935683481358932,0,acidic,Nutty & Dairy
115,-0.20659170063027515,-2.9051395112791454,4,sandalwood,Camphoraceous & Medicinal
116,2.2616331265442797,0.9074728731792346,0,sour,Nutty & Dairy
117,3.4126259944432458,0.36095856747072613,3,strawberry,Fruity & Floral
118,4.147455764996306,1.2786930877639278,6,juicy,Fruity & Tropical
119,3.0285084352725224,-1.2438637173953244,8,anisic,Minty & Floral
120,1.1610713831303976,1.3603775448310949,0,alcoholic,Nutty & Dairy
121,1.340664462819743,-1.8194977530206684,4,hawthorn,Camphoraceous & Medicinal
122,2.5219199468534748,0.463651629332002,0,chemical,Nutty & Dairy
123,2.9541645102487775,-1.5586506536529137,8,bergamot,Minty & Floral
124,-0.6230470587828696,-2.6449145500004536,4,vetiver,Camphoraceous & Medicinal
125,-0.13747073480197958,-2.1478575653519134,4,clove,Camphoraceous & Medicinal
126,3.1605045994258596,0.06045823878472168,3,jammy,Fruity & Floral
127,1.9172216446572403,-0.5913647346095461,8,marine,Minty & Floral
128,3.088777029575486,-0.8334075090795753,8,anise,Minty & Floral
129,2.4198069600470267,-1.4558332225355128,8,orangeflower,Minty & Floral
130,3.9082504321961022,0.22296438690048886,3,licorice,Fruity & Floral
131,1.4005987011727485,-1.782171071360436,4,peppery,Camphoraceous & Medicinal
132,-2.2303370820760877,2.500921083837787,9,cabbage,Roasted & Sulfurous
133,-3.9497146556332163,1.7084676394322527,1,hazelnut,Savory & Meaty
134,3.6423406400335585,0.3149105565521766,3,plastic,Fruity & Floral
135,-2.212794510392845,-2.5900990063463047,2,ambergris,Smoky & Woody
136,2.954604297801599,1.5379481509508508,6,sweaty,Fruity & Tropical
137,3.2299186174594867,-0.8038520608627323,3,gardenia,Fruity & Floral
138,3.2928698340859444,-1.094035490679645,3,neroli,Fruity & Floral
139,-1.7884614300820134,-2.5617096444386274,2,patchouli,Smoky & Woody
140,2.4101672577244746,-1.0282036651672997,8,cinnamyl,Minty & Floral
141,2.305493308172246,-0.1413976491072992,8,watery,Minty & Floral
142,3.614357786584467,-0.5655367804550376,3,orchid,Fruity & Floral
143,-0.8199324947207853,-0.9101043425459258,2,tonka,Smoky & Woody
144,3.956964029987703,-1.1746371414258543,3,cumin,Fruity & Floral
145,4.0802421086223335,-0.9754007168666868,3,balsam,Fruity & Floral
146,3.343411543522175,-0.09419109197648368,3,narcissus,Fruity & Floral
147,-1.132743382485943,2.4894122834769243,9,chicken,Roasted & Sulfurous
148,3.3703643716958642,-0.6070677820910017,3,dusty,Fruity & Floral
149,-2.227538978093284,2.9314967798412312,9,potato,Roasted & Sulfurous
150,-5.052597135615274,2.1523209323342694,1,meaty roasted meaty,Savory & Meaty
151,2.7180815968089553,2.507744682650351,6,fruit tropical fruit,Fruity & Tropical
152,0.4923497167725653,-2.2650793203452864,4,lime,Camphoraceous & Medicinal
153,-0.32598309756849386,1.8618030404000414,5,nut skin,Burnt & Earthy
154,1.285256592094023,0.1413605568114058,0,rooty,Nutty & Dairy
155,2.162622558425261,1.6321968402048468,0,galbanum,Nutty & Dairy
156,3.1990363699136704,0.2235961292415639,3,foliage,Fruity & Floral
157,-5.157985743728987,-0.1655356201693391,7,ammoniacal,Odorless & Sulfurous
158,2.8525088983501714,-1.3599614250095753,8,aromatic,Minty & Floral
159,4.273204967334343,-0.5201341592991456,3,tea,Fruity & Floral
160,-2.085396573863265,-0.08485231503050679,2,maple,Smoky & Woody
161,1.781615109269944,1.3170076323040958,0,fusel,Nutty & Dairy
162,3.3394904846229916,0.9041959420764492,6,tutti frutti,Fruity & Tropical
163,-0.19406689640621602,2.602260223552495,5,tomato,Burnt & Earthy
164,-1.930220642348765,1.9840231493031015,9,rubbery,Roasted & Sulfurous
165,2.1402430131872974,2.3936084684739614,0,radish,Nutty & Dairy
166,1.511034182914176,0.7343307376267034,0,solvent,Nutty & Dairy
167,2.237772931199452,-1.2146529421696795,8,ylang,Minty & Floral
168,2.299019194856055,-1.4446348660362254,8,lilac,Minty & Floral
169,-3.2180606106309155,1.5902271512353874,9,toasted,Roasted & Sulfurous
170,-4.612389058804788,1.0836681218406072,1,popcorn,Savory & Meaty
171,3.2394373673730135,1.3783701084794073,6,ketonic,Fruity & Tropical
172,-4.234905081286619,1.8627735048953824,1,onion green onion,Savory & Meaty
173,0.8390030501651577,1.572300593021769,0,pepper bell pepper,Nutty & Dairy
174,-2.148953524930364,2.1262819135787328,9,horseradish,Roasted & Sulfurous
175,0.4492184053183159,-2.3902715608193805,4,carnation,Camphoraceous & Medicinal
176,1.1489143093787082,1.3867525455536411,0,fungal,Nutty & Dairy
177,1.6162754017168184,-1.107755983709207,8,naphthyl,Minty & Floral
178,2.0269386443099187,1.410218170387678,0,violet leaf,Nutty & Dairy
179,0.9460907467839313,-1.8904345818092434,4,fir needle,Camphoraceous & Medicinal
180,2.6251584431776123,-1.0311369998795208,8,magnolia,Minty & Floral
181,3.0505426815728676,0.09625145011213902,3,fruit dried fruit,Fruity & Floral
182,2.045413838618285,-0.05504304301583121,8,almond bitter almond,Minty & Floral
183,0.1620878790625552,-2.0971857832971814,4,resinous,Camphoraceous & Medicinal
184,4.171396120365524,-0.34418313638143216,3,rhubarb,Fruity & Floral
185,3.74271423313659,-1.1451786445573675,3,blueberry,Fruity & Floral
186,0.6533355331506654,-0.6228692072920731,4,cloth laundered cloth,Camphoraceous & Medicinal
187,-1.9591482609560968,2.301592937061892,9,brothy,Roasted & Sulfurous
188,2.116875725279601,-0.08193910026722946,8,greasy,Minty & Floral
189,2.1637720764738955,0.7745952614945565,0,currant bud black currant bud,Nutty & Dairy
190,-0.43960792716329417,-1.5732849199686898,4,ambrette,Camphoraceous & Medicinal
191,-0.7234109964493911,-1.474676964894123,4,spearmint,Camphoraceous & Medicinal
192,1.23711611986173,-1.4882653508678185,4,mossy,Camphoraceous & Medicinal
193,3.211415524695691,-0.6621954507241351,3,seedy,Fruity & Floral
194,1.0531608516326543,-1.218760357632469,4,lily of the valley,Camphoraceous & Medicinal
195,-4.7779709724003325,2.188503455352118,1,coffee roasted coffee,Savory & Meaty
196,-5.423457034873978,2.037185389510857,1,beefy,Savory & Meaty
197,4.229175469831021,1.2751358694850965,6,apple green apple,Fruity & Tropical
198,2.7191899502174732,0.1754782626924046,8,currant black currant,Minty & Floral
199,1.1123872767716436,1.0465827951512308,0,yeasty,Nutty & Dairy
200,1.8990529553469746,-1.5497478973965668,8,mimosa,Minty & Floral
201,1.9573531921657152,1.753124860954536,0,brandy,Nutty & Dairy
202,1.1581872151607662,-0.4349156335595171,8,mandarin,Minty & Floral
203,2.143690733663285,-0.9022100019726148,8,rose red rose,Minty & Floral
204,2.8768390490597846,0.43986458240790727,6,bitter,Fruity & Tropical
205,0.8806575087890534,1.7739046770910907,0,passion fruit,Nutty & Dairy
206,-4.629325626549168,1.4886374988593827,1,mustard,Savory & Meaty
207,-0.16483832937039128,-1.4859363736166151,4,eucalyptus,Camphoraceous & Medicinal
208,2.742370428205393,-0.632452067331599,8,petal,Minty & Floral
209,-0.06694536064787925,1.1526043454052342,5,dirty,Burnt & Earthy
210,1.9808502643791543,-0.4061974975576909,8,fennel,Minty & Floral
211,1.8897859603817095,1.1585790171999557,0,walnut,Nutty & Dairy
212,0.13952559012630703,-1.9631037903898176,4,thujonic,Camphoraceous & Medicinal
213,2.234087962551833,-0.9870244391370578,8,chamomile,Minty & Floral
214,2.1740054248504785,-0.5002800078463303,8,candy,Minty & Floral
215,-0.18439078552578891,1.4196472235784772,5,rancid,Burnt & Earthy
216,1.8050810851422645,0.586547122574709,0,buchu,Nutty & Dairy
217,-2.5314234231585937,2.114227530640483,9,corn,Roasted & Sulfurous
218,3.3244290762444972,-1.2596562323123894,3,petitgrain,Fruity & Floral
219,-1.487369970393293,-1.0218544807528038,2,flowery,Smoky & Woody
220,3.0029331225651408,-1.1261191874623664,8,cyclamen,Minty & Floral
221,-1.1628900250542713,-1.513663157404946,2,camphor,Smoky & Woody
222,-5.299730120144757,2.107392469578031,1,eggy,Savory & Meaty
223,2.1072386541917973,1.3099621063751872,0,mango,Nutty & Dairy
224,1.445414921109002,1.5921642853018105,0,beany,Nutty & Dairy
225,0.018328032129899526,-2.570616477742774,4,sage clary sage,Camphoraceous & Medicinal
226,-1.2347365711011302,-0.35835786531283387,2,faint,Smoky & Woody
227,-3.394675674502863,-0.11629696914665721,1,humus,Savory & Meaty
228,3.735867427847731,0.19737420507087594,3,chrysanthemum,Fruity & Floral
229,-2.241427019541228,-0.5152616562818684,2,bacon,Smoky & Woody
230,1.6152846078484322,-0.11087383928996636,8,sugar,Minty & Floral
231,2.1101946542046597,-1.9641824933169696,8,bois de rose,Minty & Floral
232,-4.259304540866914,1.9612386242867268,1,onion cooked onion,Savory & Meaty
233,-1.1748944018813572,2.006176101481652,5,gassy,Burnt & Earthy
234,2.0715914390355223,-0.7188483599146988,8,heliotrope,Minty & Floral
235,-2.995763295601022,-1.183244068303737,2,oakmoss,Smoky & Woody
236,3.017914882688516,1.0210641002477392,6,privet,Fruity & Tropical
237,0.7046974793113207,-1.9567948604728667,4,rosemary,Camphoraceous & Medicinal
238,-5.132404155022819,1.3381884777155661,1,corn chip,Savory & Meaty
239,1.5345678448880795,-1.013659448644802,8,tuberose,Minty & Floral
240,-2.352498203413889,-1.5626237811039583,2,peppermint,Smoky & Woody
241,-0.6930672689354189,1.1108784022579279,5,acetic,Burnt & Earthy
242,-3.3856543913373196,1.3051725283466642,9,peanut,Roasted & Sulfurous
243,-0.2874438776872496,1.4165862137908156,5,tallow,Burnt & Earthy
244,-1.6090066424757796,2.2198917462453682,9,fried,Roasted & Sulfurous
245,0.13745929357053116,-1.3133255004913187,4,caraway,Camphoraceous & Medicinal
246,2.333812890235963,-1.0318705261364483,8,peony,Minty & Floral
247,2.6160199550357404,1.6986328844708596,6,banana unripe banana,Fruity & Tropical
248,-1.1432468117948325,0.4659685718584358,5,malty,Burnt & Earthy
249,-4.326872099465764,1.4236263513161271,1,hazelnut roasted hazelnut,Savory & Meaty
250,0.14884516070935194,-1.6239463779797285,4,wintergreen,Camphoraceous & Medicinal
251,2.243048671283167,0.8585375311825326,0,nasturtium,Nutty & Dairy
252,1.5899781891962927,-0.08290544288934043,8,basil,Minty & Floral
253,-0.07457025636902531,-1.951964878059838,4,incense,Camphoraceous & Medicinal
254,-0.3407340701714057,1.1055306667043303,5,whiskey,Burnt & Earthy
255,2.418248803423766,1.7239173526615643,0,melon rind,Nutty & Dairy
256,0.11096286569453509,2.0936731618342685,5,raw,Burnt & Earthy
257,0.20309981478543152,-0.2623077875020136,5,tangerine,Burnt & Earthy
258,-4.192714693355884,-0.9868768928838372,7,fecal,Odorless & Sulfurous
259,2.3411701597401056,1.7420136690309445,0,kiwi,Nutty & Dairy
260,3.2409993354746125,1.590800413160662,6,apple skin,Fruity & Tropical
261,0.6036207489526721,1.9302212202887636,0,acrylate,Nutty & Dairy
262,-1.2453520160446694,-2.0147414191136543,2,labdanum,Smoky & Woody
263,-4.024255630560953,1.0692108215212575,1,peanut roasted peanut,Savory & Meaty
264,2.8153241608985993,1.2156696353997745,6,papaya,Fruity & Tropical
265,1.9822265898063278,-0.6627608576118406,8,clover,Minty & Floral
266,-0.08040327987107647,-2.135029801135295,4,cologne,Camphoraceous & Medicinal
267,1.2550585772379983,-1.448648799917985,4,honeysuckle,Camphoraceous & Medicinal
268,-1.7434243040696265,-2.524673242427038,2,thyme,Smoky & Woody
269,-2.3757443287748647,-2.091753694769456,2,cassia,Smoky & Woody
270,-1.3298217891911663,0.42808041182619716,5,sugar burnt sugar,Burnt & Earthy
271,-2.7411205613374,-1.435851177307521,2,guaiacol,Smoky & Woody
272,1.9374015939078992,-1.0446592059858502,8,seaweed,Minty & Floral
273,-5.933545198125838,-0.33441739975532186,7,ammonia,Odorless & Sulfurous
274,-1.7021624635533887,0.17090643429759617,5,sugar brown sugar,Burnt & Earthy
275,2.05857035934552,-1.5015792883904382,8,myrrh,Minty & Floral
276,-1.0568081785492078,-2.321553229570828,2,cedarwood,Smoky & Woody
277,1.4753654041811972,-0.19290229340156992,8,peely,Minty & Floral
278,1.3918620208936767,-0.25062474684653385,8,wet,Minty & Floral
279,0.12549303433550998,0.673277972054649,5,cilantro,Burnt & Earthy
280,2.129368581617591,-0.20302501733943257,8,orange peel,Minty & Floral
281,-2.838784982045425,0.8342266176407853,9,goaty,Roasted & Sulfurous
282,-6.311098919183461,-0.42872906692016854,7,sulfury,Odorless & Sulfurous
283,-0.19407214045195068,2.2895126307559632,5,catty,Burnt & Earthy
284,2.676078487428549,0.752707330507097,6,watermelon,Fruity & Tropical
285,-3.401969957041968,-1.3510723653071688,2,castoreum,Smoky & Woody
286,-1.6566217982343958,-2.1706645308919326,2,woody old wood,Smoky & Woody
287,3.5184194281717214,0.42745325765732206,3,tart,Fruity & Floral
288,-1.721234033840951,1.4879937283906828,9,chicken fat,Roasted & Sulfurous
289,-3.9086983631859242,-1.4664071639430925,7,civet,Odorless & Sulfurous
290,-1.805474284868217,0.6598768513988643,9,flower,Roasted & Sulfurous
291,0.5475616868950189,0.9749931645746012,0,moldy,Nutty & Dairy
292,-1.4245723272803616,1.8663175347105412,9,cereal,Roasted & Sulfurous
293,2.3351651624710192,0.6760856432791242,0,bubble gum,Nutty & Dairy
294,2.3304662185135516,-0.7102370090965272,8,costus,Minty & Floral
295,0.6048436468852164,-0.17611622500679835,4,soft,Camphoraceous & Medicinal
296,2.0058177063353515,0.9582530154503326,0,watercress,Nutty & Dairy
297,-0.18743482334880615,2.3265781222068798,5,wasabi,Burnt & Earthy
298,1.8815188189071699,-0.124930161763552,8,raisin,Minty & Floral
299,-1.3142222952178984,-0.025620969982587914,5,cotton candy,Burnt & Earthy
300,-1.1299529291572505,-0.7439128427119014,2,custard,Smoky & Woody
301,1.0525574829968432,1.5124136413908824,0,tomato leaf,Nutty & Dairy
302,-0.6451714100638296,-1.3524481155887151,4,storax,Camphoraceous & Medicinal
303,1.1378399998110218,1.1110493591338437,0,blackberry,Nutty & Dairy
304,1.6985472197203397,-0.8731861086396439,8,saffron,Minty & Floral
305,1.4919611774175807,0.9613318336442557,0,fruit overripe fruit,Nutty & Dairy
306,0.5752311056874856,1.3128527202472982,0,honeydew,Nutty & Dairy
307,-2.149514134937261,-1.90742993886942,2,spice,Smoky & Woody
308,-4.872846811585346,1.4365815356172182,1,pork,Savory & Meaty
309,-1.2549381397543649,-2.421004642973649,2,sawdust,Smoky & Woody
310,1.1599516166360284,0.9535948730513031,0,cantaloupe,Nutty & Dairy
311,1.561777382394636,-0.6442526668461936,8,cranberry,Minty & Floral
312,-2.808948882219604,1.784830412256779,9,seafood,Roasted & Sulfurous
313,-1.217887774960283,-1.5448982586053197,2,acacia,Smoky & Woody
314,-0.1707632766486954,-0.5509149392588227,4,cherry maraschino cherry,Camphoraceous & Medicinal
315,0.9172798572742245,-2.149382533012517,4,nutmeg,Camphoraceous & Medicinal
316,0.31799463648622744,-1.2538735267816021,4,seashore,Camphoraceous & Medicinal
317,-5.631318649317124,1.2640499377142302,1,lamb,Savory & Meaty
318,-3.46288992220892,0.9954864117275505,9,barley roasted barley,Roasted & Sulfurous
319,0.17052263019102776,-0.3186222478245447,4,root beer,Camphoraceous & Medicinal
320,0.5733721103548368,-2.398492915048814,4,cypress,Camphoraceous & Medicinal
321,-0.9752814741080862,-1.8685291716343593,2,sassafrass,Smoky & Woody
322,-0.41113438633265,0.27704512732838177,5,coriander,Burnt & Earthy
323,-0.8180996812674669,0.7077666307346671,5,pea green pea,Burnt & Earthy
324,0.36466998270585727,0.19112636128232358,5,bean green bean,Burnt & Earthy
325,-0.5157127696682464,-1.2999812061229798,4,opoponax,Camphoraceous & Medicinal
326,-0.2456372229931386,-1.1052030575250151,4,dewy,Camphoraceous & Medicinal
327,-2.597778456528427,1.0812924301964166,9,truffle,Roasted & Sulfurous
328,-0.9298492750329708,-0.69769651447018,2,sage,Smoky & Woody
329,-3.6784776197146845,0.9337183542924609,1,potato raw potato,Savory & Meaty
330,0.48159458269639327,-0.8555158529827369,4,fresh outdoors,Camphoraceous & Medicinal
331,-5.970628223038997,-1.029364915457088,7,almost odorless,Odorless & Sulfurous
332,-1.653316592837109,0.01726615312513551,5,fenugreek,Burnt & Earthy
333,-3.59490780729529,1.6380846658504795,9,potato baked potato,Roasted & Sulfurous
334,-0.5156191490462708,-2.1154433689829246,4,ginger,Camphoraceous & Medicinal
335,1.19932971400076,-0.9774653747681574,8,carrot,Minty & Floral
336,-0.5483048638550038,0.6273388132253029,5,rue,Burnt & Earthy
337,-2.7353440422643662,-0.5445236400518829,2,lovage,Smoky & Woody
338,-1.3593571329182368,-0.6047213170578482,2,acorn,Smoky & Woody
339,-3.490569143962287,2.1118831839819854,9,scallion,Roasted & Sulfurous
340,2.0254678879928463,0.7403741555293419,0,fleshy,Nutty & Dairy
341,0.1609456318578556,-0.9772171011431727,4,parsley,Camphoraceous & Medicinal
342,-1.7106109065312913,0.48022652266201027,5,citrus peel,Burnt & Earthy
343,0.984587043515794,0.8592261483873038,0,painty,Nutty & Dairy
344,0.5154283580134752,0.864838730626827,0,guava,Nutty & Dairy
345,1.868732414075277,-1.5292078605989772,8,cardamom,Minty & Floral
346,2.4873441622851153,-0.13385068443934395,8,strong,Minty & Floral
347,-2.111465562708368,-1.0093420480115722,2,dill,Smoky & Woody
348,2.494016418413405,-0.4076779731518198,8,lemongrass,Minty & Floral
349,-4.396360719916038,0.524583511710419,1,mutton,Savory & Meaty
350,-2.8629958156122393,0.24493175120445596,9,acetone,Roasted & Sulfurous
351,0.10779744704005022,-1.2019259785223835,4,citronella,Camphoraceous & Medicinal
352,2.131375964774338,1.2487980965611274,0,grape skin,Nutty & Dairy
353,-4.733097355483772,1.805500440187122,1,beefy roasted beefy,Savory & Meaty
354,0.9952609875466565,-1.290522308312763,4,lemon peel,Camphoraceous & Medicinal
355,-3.744802112222155,1.5114601896607451,1,skunk,Savory & Meaty
356,1.7620885521798757,0.7492970785227963,0,juicy fruit,Nutty & Dairy
357,1.0272564513651916,0.9090838316178882,0,baked,Nutty & Dairy
358,2.726133166333219,1.0128871482747877,6,gooseberry,Fruity & Tropical
359,1.3255344151855573,0.01038587836425062,0,reseda,Nutty & Dairy
360,2.645317305753859,-0.5739867982770062,8,rose tea rose,Minty & Floral
361,-0.20379443166534456,-0.5203963248526028,4,sweet pea,Camphoraceous & Medicinal
362,3.249467104279079,0.5616186887333903,6,fig,Fruity & Tropical
363,-1.0297846036686307,-0.08760776028916445,5,bread baked,Burnt & Earthy
364,-3.3444921750673564,1.392827161021191,9,soup,Roasted & Sulfurous
365,-4.454786772578869,1.8227880141971515,1,leek,Savory & Meaty
366,0.44750904985324785,-0.1313321167270699,5,tagette,Burnt & Earthy
367,-1.9912998668488664,-1.4566406116948907,2,licorice black licorice,Smoky & Woody
368,-6.185537610908854,-0.8391670383003731,7,fish,Odorless & Sulfurous
369,-1.7930049588643566,1.7280731135169405,9,durian,Roasted & Sulfurous
370,1.2017903797324425,1.8375779105227465,0,pear skin,Nutty & Dairy
371,1.6420910541918647,0.23539835543068716,0,cashew,Nutty & Dairy
372,1.617422349930411,1.511141088838652,0,pulpy,Nutty & Dairy
373,-0.7161849484353173,-1.888551262252661,4,autumn,Camphoraceous & Medicinal
374,-5.584732731127864,-0.7222163510163309,7,gasoline,Odorless & Sulfurous
375,0.9307257124427103,1.1932342468286616,0,banana ripe banana,Nutty & Dairy
376,-1.5435298713496728,-1.5561270250040462,2,cananga,Smoky & Woody
377,-5.738002726364374,-1.1209476310269502,7,cool,Odorless & Sulfurous
378,-2.0838518795890337,1.415630874028182,9,buttermilk,Roasted & Sulfurous
379,-1.7695315194404744,-2.208456783941513,2,allspice,Smoky & Woody
380,-4.604586019807644,0.14157826274593363,1,vinegar,Savory & Meaty
381,-4.663252221742209,0.42852435109443493,1,grain toasted grain,Savory & Meaty
382,-1.1848004243307386,-0.13636170881407117,5,algae,Burnt & Earthy
383,-1.1264127685954037,-0.7656685997839925,2,grapefruit peel,Smoky & Woody
384,-1.8625892189716051,-0.40154400172029076,2,gourmand,Smoky & Woody
385,-0.9474576464925435,0.37130335655064367,5,butterscotch,Burnt & Earthy
386,0.7069358427687286,-1.767035374793187,4,guaiacwood,Camphoraceous & Medicinal
387,0.572916433280523,-0.35454981227536414,4,petroleum,Camphoraceous & Medicinal
388,-5.520794973752514,0.4613590368754759,1,almond roasted almond,Savory & Meaty
389,0.7078487209505835,1.0581617525603126,0,chicken coup,Nutty & Dairy
390,2.645087664231386,1.6141017620015938,6,banana peel,Fruity & Tropical
391,-1.7461515894906616,-1.8704284962875188,2,verbena,Smoky & Woody
392,-3.2776847227920727,-1.6255854338100284,2,nitromusk,Smoky & Woody
393,-5.814570652420898,1.8024763604056837,1,grilled,Savory & Meaty
394,-1.87218215572579,-1.4577591134815715,2,ham,Smoky & Woody
395,-1.1586481726460554,-1.4944259745087984,2,forest,Smoky & Woody
396,-1.7018555103834194,0.12243830473728341,5,citrus rind,Burnt & Earthy
397,-2.1875221556205884,0.6869444149882425,9,molasses,Roasted & Sulfurous
398,-0.17234338267539254,-1.034637389687932,4,valerian root,Camphoraceous & Medicinal
399,-4.539345491142468,1.0234156602792124,1,shellfish,Savory & Meaty
400,-1.6509214934407381,-2.277078729780949,2,blossom,Smoky & Woody
401,-1.0484818934069056,1.282665724108126,5,asparagus,Burnt & Earthy
402,0.8164414042353739,-1.8409711216127005,4,deep,Camphoraceous & Medicinal
403,-2.3236152708227675,-2.1035869130119798,2,paper,Smoky & Woody
404,2.132194223129927,0.3247194508640757,0,fruit,Nutty & Dairy
405,-0.028815054918009935,1.9547289037470366,5,lettuce,Burnt & Earthy
406,-3.771077757093977,1.3433172935762878,1,potato chip,Savory & Meaty
407,-2.931988636357709,0.2678813260317589,9,powerful,Roasted & Sulfurous
408,-2.809891366229622,0.9491786210309243,9,cider,Roasted & Sulfurous
409,3.759767326270698,-0.8367287223510113,3,beeswax,Fruity & Floral
410,-0.40156207296025825,-1.6805642443742883,4,tarragon,Camphoraceous & Medicinal
411,-0.08033675595033707,0.48763724600971226,5,hay new mown hay,Burnt & Earthy
412,-3.9189879893223574,0.49676581382849955,1,bread crust,Savory & Meaty
413,-3.2409646498283027,-2.2600417284265117,2,mahogany,Smoky & Woody
414,-3.3060539810200678,1.3600700797426364,9,lard,Roasted & Sulfurous
415,-1.7225385066041206,0.24462255407393627,5,pumpkin,Burnt & Earthy
416,-0.9757609401788603,-1.5101940837497934,2,pepper black pepper,Smoky & Woody
417,-0.04200207338595707,-1.2185264815903698,4,tea green tea,Camphoraceous & Medicinal
418,-5.644766285756901,0.04483475226124909,7,shrimp,Odorless & Sulfurous
419,-4.849388403894869,1.155424076148468,1,liver,Savory & Meaty
420,-6.209935190938822,-0.6041161939069309,7,slight,Odorless & Sulfurous
421,-6.071635615322994,-0.8260860565109213,7,oil,Odorless & Sulfurous
422,-5.867082406014802,-1.0090988349616405,7,menthol,Odorless & Sulfurous
423,-3.891437169528283,0.5616990060293979,1,grain,Savory & Meaty
424,1.5098735359375852,-0.02503469098138785,0,apple cooked apple,Nutty & Dairy
425,-3.8220973042438016,0.6256659846863053,1,broccoli,Savory & Meaty
426,1.2932688582543808,-0.14983311592748952,8,linden flower,Minty & Floral
427,-3.0477250939809752,-1.6572169318423045,2,rich,Smoky & Woody
428,-2.646119137553844,-0.8807231620767193,2,graham cracker,Smoky & Woody
429,-1.7231587865785687,0.559177197218025,5,cookie,Burnt & Earthy
430,1.8039597233153721,0.8841816482674172,0,prune,Nutty & Dairy
431,-4.120903529354956,-0.8199024564069844,7,heavy,Odorless & Sulfurous
432,-5.556645405205537,0.3685430515745828,1,taco,Savory & Meaty
433,-4.528698111719969,0.9011220202410252,1,nut flesh,Savory & Meaty
434,-5.30771973021392,1.319645364566273,1,beef juice,Savory & Meaty
435,-4.331432929780226,2.0223993575644243,1,clam,Savory & Meaty
436,-0.506459233877578,-1.459600248042846,4,rose dried rose,Camphoraceous & Medicinal
437,-6.361701458541044,-0.7874574774363117,7,metal,Odorless & Sulfurous
438,-4.907485366673189,0.8188200594532982,1,peanut butter,Savory & Meaty
439,2.4255702123040095,-1.484081534574128,8,freesia,Minty & Floral
440,2.2113339605230578,0.6697833771842805,0,hairy,Nutty & Dairy
441,-2.0651087661012677,-1.857512602637394,2,juniper,Smoky & Woody
442,1.0643931173897436,-1.4161217518778628,4,woody burnt wood,Camphoraceous & Medicinal
443,-4.139794198169748,-1.6874775508800037,7,bread rye bread,Odorless & Sulfurous
444,-4.003134840218667,-2.577495563107748,7,agarwood,Odorless & Sulfurous
445,-5.07224244131416,-1.1324977341816957,7,orange bitter orange,Odorless & Sulfurous
446,-2.165098337258508,-0.7505302566392738,2,elderflower,Smoky & Woody
447,-0.017050449077539914,-0.26517695910886585,5,methyl,Burnt & Earthy
448,-3.830353540955575,0.17614885688752932,1,astringent,Savory & Meaty
449,-1.2236485449315535,1.3474357196120044,5,salty,Burnt & Earthy
450,-0.11909318540102182,1.5365121841282225,5,plum skin,Burnt & Earthy
451,-5.913685125171147,-0.8241424716021363,7,lactone,Odorless & Sulfurous
452,-6.140782693069822,0.6013617681084251,1,bouillon,Savory & Meaty
453,-1.8188689315891944,-1.323468707261716,2,coumarin,Smoky & Woody
454,-2.8691880037108524,-0.9867962975541228,2,pleasant,Smoky & Woody
455,-5.573393870028642,0.8996322117442777,1,bloody,Savory & Meaty
456,0.9501137407914785,0.9272816944766429,0,cucumber skin,Nutty & Dairy
457,-4.845464840424901,-1.2102163647593078,7,hydrocarbon,Odorless & Sulfurous
458,-4.852743976880704,-1.5234236470213685,7,cistus,Odorless & Sulfurous
459,-0.5549407821536388,1.0791072124011072,5,musky,Burnt & Earthy
460,-5.7300310102364485,-0.7115089283205185,7,citral,Odorless & Sulfurous
461,-5.426691955181017,-1.3130100235321107,7,urine,Odorless & Sulfurous
462,-3.7103122985339962,-0.036697223796183016,1,wild,Savory & Meaty
463,-0.7184502514591264,0.9390482680621104,5,tequila,Burnt & Earthy
464,-3.069240945383416,0.08873916911722653,9,thujone,Roasted & Sulfurous
465,-4.678594647097485,-1.8572809330867328,7,spruce,Odorless & Sulfurous
466,-4.834709176197916,0.2472791217173329,1,caprylic,Savory & Meaty
467,-2.173264554711051,-2.626725430571296,2,terpene,Smoky & Woody
468,-4.390462033294224,-0.9012318478142988,7,cotton,Odorless & Sulfurous
469,-3.3485211272130044,-1.5124534764154183,2,linalool,Smoky & Woody
470,-6.343310332520324,-0.810022586662404,7,lily-of-the-valley,Odorless & Sulfurous
471,-6.317398153922966,-0.7686110136307752,7,rotten,Odorless & Sulfurous
472,-1.2433217611629048,-0.08310405551210916,5,marzipan,Burnt & Earthy
473,-3.413215391452017,-0.47494457159258974,2,cheesy bleu cheese,Smoky & Woody
474,-3.789483651992166,-0.8393622844606647,7,cheesy parmesan cheese,Odorless & Sulfurous
475,-2.8656834024697706,-0.752938909621946,2,citric,Smoky & Woody
476,-0.41555964534279355,0.010515535508253885,5,leaf,Burnt & Earthy
477,-0.45022115764663795,1.1964112395726332,5,artichoke,Burnt & Earthy
478,0.1127249700619041,1.1498059818979651,5,quince,Burnt & Earthy
479,-2.819897877189953,-1.3335197677352981,2,chocolate dark chocolate,Smoky & Woody
480,1.174772978550619,0.33108968847214315,0,fruit ripe fruit,Nutty & Dairy
481,-3.0790132305972855,0.6739293455784178,9,cheese,Roasted & Sulfurous
482,0.071865981563089,0.7065305522934285,5,loganberry,Burnt & Earthy
483,0.10888123844056889,0.0921437944664506,5,lychee,Burnt & Earthy
484,1.318000754923312,0.37340716654810174,0,watermelon rind,Nutty & Dairy
485,-6.366764402287426,-0.7580045783161676,7,rubber,Odorless & Sulfurous
486,0.3810275259213845,-0.1746068167458692,5,peel,Burnt & Earthy
487,-5.42245810646695,-1.268122189101611,7,amine,Odorless & Sulfurous
488,-2.3517151425425826,1.2647131909564298,9,egg nog,Roasted & Sulfurous
489,1.1159947071575482,-0.4838888253553554,8,davana,Minty & Floral
490,-4.80862542687978,-0.8628114201243443,7,nitrile,Odorless & Sulfurous
491,-3.047825793722831,0.9547851437668943,9,turnup,Roasted & Sulfurous
492,-2.6980810106473014,-0.9075441710498298,2,caramel,Smoky & Woody
493,0.26894944374986846,0.02649534063695257,5,elderberry,Burnt & Earthy
494,-4.829201871392598,0.6140904564835991,1,filbert,Savory & Meaty
495,0.11166149705402006,-1.7271573844412005,4,immortelle,Camphoraceous & Medicinal
496,-1.8009947367377557,-1.7542130946028194,2,oriental,Smoky & Woody
497,-1.2125282081070592,-1.3027162838491102,2,sappy,Smoky & Woody
498,-1.1527034727897858,-1.6887477947934255,2,sausage smoked sausage,Smoky & Woody
499,0.2075170542641594,0.40446510667075003,5,wine,Burnt & Earthy
500,0.6042728000811249,-0.9727976460989127,4,angelica,Camphoraceous & Medicinal
501,-2.8149131465870885,0.8444311337519157,9,cauliflower,Roasted & Sulfurous
502,-0.7551524978448384,0.810443603087456,5,arrack,Burnt & Earthy
503,-2.3033926107902354,0.44297245225731724,9,toffee,Roasted & Sulfurous
504,-1.462987558476911,-0.31143248316553734,2,praline,Smoky & Woody
